channel,id
Zizaran,UCAG3CiKOUkQysyKCXSFEBPA
Mathil,UCnaP100kTBB_WGM9IiF73yw
Crouching_Tuna,UCPv_nz2NuWNVcNEDNQII0rg
empyriangaming,UCx6GR83AbXiSX2gesCxSPPw
grimro,UCW-hxsDOLJ_F9ZMoh_izpRQ
kay gaming,UCEC22T_ty1ZqpEkmjuiYMSw
ghazzytv,UCoZit1xdwD_46j8sZWRKhoA
Pohx Kappa,UCgv2_w0HveLN_JgFGTqwmTw
CaptainLance9,UCJQQq3kLfH-bSE-WSo59XbQ
mbXtreme,UC0Gx64EmyVDd9gxemldd8Gw
Big Ducks,UC8XfFGnTEJH1CXjucYDA5ng
subtractem,UCkjbN2BlTwm7XknNjLOj7Hg
Tenkiei,UCeMKNO3_483uucNM3fIrQKg
Daykun,UC1tQCoatzYxULEhsisattpA
Fast AF,UCFRY0sr8tXuefXmvRBzw_Fw
Rhykker,UCRl31PWkfF0a3j3hiDRaCGA
Jungroan,UCT6RRo37G6e7GoeZv5pJFBQ
AsmodeusClips,UCCbujNgonCzQYNhO70XVlmw
Palsteron,UCXp5YOW329ysRDl_LK9P1_g
KobeBlackMamba,UC3WDr3ZLl1KuDKDlZy1wWCQ
